iter	RMSE
0	4178.355459
50	2074.419993
100	2047.304735
150	2016.622105
199	1995.338799
