iter	RMSE
0	4138.645811
50	1693.870013
100	1578.126966
150	1517.121252
199	1484.006202
