iter	RMSE
0	3140.334259
50	1816.455192
100	1796.034704
150	1777.383881
199	1767.172907
