iter	RMSE
0	4038.065418
50	1703.006217
100	1593.338328
150	1536.372395
199	1501.551454
