iter	RMSE
0	3204.292831
50	1464.314611
100	1377.242254
150	1333.203823
199	1305.360564
