iter	RMSE
0	3179.204794
50	1566.604855
100	1483.009549
150	1442.36208
199	1413.937543
