iter	RMSE
0	4155.189862
50	1705.939854
100	1584.327977
150	1527.791104
199	1491.57538
